,id,Label,mint_count_per_week,burn_count_per_week,mint_ratio,swap_ratio,burn_ratio,mint_mean_period,swap_mean_period,burn_mean_period,swap_in_per_week,swap_out_per_week,swap_rate,lp_avg,lp_std,lp_creator_holding_ratio,lp_lock_ratio,token_burn_ratio,token_creator_holding_ratio,number_of_token_creation_of_creator
0,0x3cd1c0b98be4451ca51265bbaeb76cf7b31e1c02,True,44.07147509,16.46682049,0.148132428,0.796519525,0.055348048,0.034507537,0.074893675,0.221979642,100.8719034,136.1038276,0.741001855,0.119760479,0.126458336,0.0,0.0,0.0,0.130261666,1
1,0x0c52de7bb69edd144d58d772fab1cd196919f5ef,False,13.81317074,6.31627893,0.169770254,0.752599758,0.077629988,0.040579583,0.050907451,0.083952995,42.50206383,18.73239109,2.266526758,0.332225914,0.431319936,0.0,0.0,4e-07,1e-08,1
2,0xa00d47b4b304792eb07b09233467b690db847c91,False,27.36632663,17.77961345,0.068018589,0.887790452,0.044190959,0.131459168,0.384408998,0.191228317,165.9657225,191.2243321,0.867756843,0.377358491,4.64986389,0.0,0.064726248,0.0,0.0,1
3,0x114e40ba90e9d8b002bc6936e3299daa393017bb,False,10.55902837,1.912477077,0.056257176,0.933553387,0.010189437,0.036312186,0.077704431,0.140361518,90.39821226,84.82239881,1.065396825,0.46728972,4.754047582,1.48e-08,0.693920988,0.003748588,0.0,1
4,0x40829a59080a12f16bb8fba22354a6a42c810aab,False,9.662389928,6.450369298,0.024122519,0.959773892,0.016103589,0.088733275,0.206316358,0.171453783,204.9111194,179.5308908,1.141202346,0.476190476,5.466876961,0.0,0.790201641,0.0,1e-08,1
